mixtes,1.0
naturelle,0.047727272,1.0
sèche,0.09255318,0.0625,1.0
cher,0.085779816,0.036206897,0.08608695,1.0
chère,0.06315789,0.04444444,0.08780487,0.08195876,1.0
temps,0.08529412,0.058124997,0.10555555,0.10406503,0.061666667,1.0
pot,0.0632,0.027669903,0.06412213,0.0969178,0.069026545,0.06582733,1.0
efficacité,0.0578125,0.0527027,0.08382353,0.09615384,0.07976191,0.08454545,0.061654136,1.0
maquillage,0.07340425,0.072916664,0.121,0.075652175,0.062195122,0.11064815,0.058396947,0.07941177,1.0
rapport,0.046601944,0.038888887,0.061926607,0.106451616,0.091758244,0.06282051,0.06535714,0.08513513,0.056422014,1.0
produit,0.050632913,0.02533512,0.070199504,0.080889426,0.037859008,0.070660144,0.06527778,0.05272953,0.06645885,0.06768292,1.0
poudre,0.084,0.067307696,0.09622641,0.069421485,0.07670455,0.09473684,0.059124086,0.07083333,0.11933962,0.067391306,0.061670758,1.0
texture,0.04078947,0.034375,0.074137926,0.04573003,0.03181818,0.058286514,0.04986807,0.04371428,0.052873563,0.039355744,0.11155624,0.054096043,1.0
hydratante,0.09552239,0.050892856,0.13285714,0.08580645,0.084426224,0.10101351,0.07017544,0.068661965,0.107499994,0.05838926,0.091836736,0.109931506,0.08724227,1.0
couleur,0.065702476,0.106565654,0.096850395,0.08309858,0.070183486,0.09518518,0.07753164,0.059302326,0.07913385,0.060294118,0.06553738,0.09022556,0.09306666,0.09251496,1.0
parfait,0.0778481,0.096491225,0.12470589,0.0705,0.082835816,0.08548387,0.06594828,0.08390805,0.10705882,0.06382979,0.059974093,0.12912089,0.04099099,0.0888,0.088392854,1.0
pratique,0.076767676,0.0525974,0.09857143,0.09833333,0.08275862,0.09646018,0.12095588,0.08130841,0.092857145,0.086403504,0.06453202,0.07837838,0.057790365,0.08586207,0.07840909,0.09166666,1.0
teinte,0.07169117,0.11666666,0.09366197,0.06687898,0.058064513,0.077999994,0.057225432,0.046874996,0.077112675,0.049668875,0.077765234,0.10202702,0.06910256,0.09642857,0.14260355,0.10669291,0.065986395,1.0
lisse,0.06573033,0.08955224,0.13421053,0.057272725,0.058441557,0.08446602,0.048809525,0.07268041,0.10210525,0.043269232,0.051515147,0.08316831,0.06836735,0.091851845,0.10327868,0.099374995,0.07349999,0.07554745,1.0
brillance,0.07536231,0.04787234,0.06599999,0.046666663,0.04210526,0.04698795,0.03962264,0.046753246,0.06533333,0.035714287,0.026329787,0.1382716,0.022755418,0.049565215,0.052941177,0.0925,0.04875,0.069658116,0.047142856,1.0
couvrant,0.065625,0.057142857,0.055714283,0.052941177,0.06634615,0.08589744,0.03861386,0.05833333,0.07071429,0.053164557,0.03530997,0.078947365,0.031446543,0.07590909,0.0742268,0.089999996,0.062,0.05357143,0.087692305,0.05,1.0
sensible,0.07722772,0.039873417,0.18785046,0.079918034,0.06910112,0.096521735,0.07681159,0.07385321,0.084112145,0.04913793,0.07242647,0.07699115,0.057464786,0.09761904,0.082835816,0.11032608,0.08526786,0.08657718,0.1,0.060365856,0.054545455,1.0
couvrance,0.08974359,0.10178571,0.08928572,0.062121212,0.075,0.09565217,0.052173913,0.08837209,0.08571429,0.06451613,0.048181817,0.09333333,0.047138553,0.07983871,0.12342341,0.108695656,0.07752809,0.08769841,0.1,0.07118644,0.108333334,0.06263737,1.0
crème,0.04433384,0.018938195,0.05940819,0.043991096,0.038845554,0.05,0.044710144,0.028971255,0.037708648,0.038697604,0.15119791,0.055714287,0.14553472,0.13640916,0.06034985,0.031987578,0.042695783,0.060770325,0.04036697,0.020425867,0.019952305,0.05548048,0.026982892,1.0
boutons,0.09215686,0.03664122,0.0990566,0.06982758,0.05957447,0.10269461,0.066315785,0.059627328,0.08742139,0.05,0.097934775,0.08969697,0.067567565,0.08944724,0.08467741,0.07395833,0.06128049,0.087064676,0.094805196,0.05783582,0.06666666,0.12138554,0.05664336,0.07987465,1.0
hydratée,0.0527027,0.057692308,0.106874995,0.05368421,0.053225804,0.07329545,0.054054055,0.06402439,0.098749995,0.028651685,0.03858268,0.073255815,0.043902434,0.08,0.07850467,0.11,0.06882353,0.07254098,0.17199999,0.054545455,0.075,0.094827585,0.058593746,0.027856026,0.07733812,1.0
résultat,0.06623376,0.07090909,0.112048194,0.09132653,0.10307692,0.093956046,0.073245615,0.08117647,0.08855421,0.07282608,0.047526043,0.12808987,0.042447127,0.085365854,0.10318181,0.12941177,0.09715909,0.0756,0.10576923,0.072413795,0.08773585,0.10111111,0.0783582,0.030062307,0.07605633,0.11904762,1.0
tient,0.08173077,0.060365856,0.085454546,0.07039999,0.04891304,0.08135593,0.054255318,0.06696428,0.11999999,0.046638656,0.06593674,0.08922414,0.04106145,0.07,0.07445256,0.09421052,0.06521739,0.0805921,0.08809524,0.07705882,0.0675,0.07564102,0.07978723,0.037518688,0.0872781,0.071666665,0.06774194,1.0
naturel,0.07155963,0.07586207,0.08478261,0.06923077,0.069587626,0.07804878,0.057534248,0.06282051,0.09782608,0.0641129,0.08605769,0.1268595,0.063498616,0.1064516,0.10950704,0.1335,0.08,0.108598724,0.092727266,0.059444442,0.11647059,0.06270491,0.09646465,0.05511869,0.07931034,0.074210525,0.15918367,0.077999994,1.0
camoufle,0.06060606,0.054545455,0.04583333,0.043103445,0.03611111,0.050624996,0.027669903,0.032432433,0.0375,0.027777778,0.020911528,0.06923077,0.01875,0.04017857,0.046969697,0.06578947,0.037012983,0.04210526,0.07761194,0.04468085,0.060714286,0.037974685,0.090178564,0.014659271,0.053435113,0.057692308,0.05181818,0.05853658,0.056896552,1.0
odeur,0.033938546,0.03720238,0.07101648,0.046701845,0.03583815,0.054301076,0.06113924,0.040846992,0.057417583,0.037667558,0.11774436,0.051486485,0.21707517,0.07561881,0.08887468,0.041690543,0.050271,0.06958128,0.061977718,0.02035398,0.028143713,0.05781671,0.044971265,0.1436078,0.07104019,0.046511628,0.04553314,0.043315504,0.07348285,0.017857144,1.0
agréable,0.053738315,0.057031248,0.092727266,0.062340423,0.047524754,0.06776316,0.062151395,0.059009008,0.0775,0.053493448,0.11660269,0.06570797,0.26997864,0.09557692,0.11072874,0.06292683,0.06911111,0.086068705,0.09744186,0.032307692,0.041578945,0.07136563,0.06740196,0.12625161,0.07956989,0.07175,0.059852213,0.063043475,0.09914893,0.02421875,0.2836777,1.0
flacon,0.049484536,0.045999996,0.067961164,0.0470339,0.04588235,0.056756753,0.08283582,0.05857143,0.07961165,0.0375,0.045544554,0.049541283,0.047720797,0.049300697,0.047307692,0.064204544,0.20046297,0.04551724,0.047448978,0.03846154,0.05136986,0.047727272,0.056896552,0.025302114,0.037037037,0.052409638,0.045348838,0.054424778,0.052118644,0.025999999,0.04223433,0.05269058,1.0
acheté,0.04444444,0.043220337,0.05517241,0.08186275,0.06884058,0.061578944,0.048305083,0.04213483,0.04137931,0.054687496,0.052448455,0.05,0.025970148,0.062204722,0.05614035,0.05833333,0.081521735,0.07519379,0.038414635,0.04596774,0.055263158,0.052659575,0.05704225,0.030417956,0.06678082,0.029104479,0.055714283,0.04329897,0.05,0.025423728,0.02179487,0.029710144,0.03333333,1.0
hydratation,0.07111111,0.06637168,0.12730497,0.0625,0.069105685,0.08355705,0.061918605,0.06188811,0.10390071,0.060666665,0.07794118,0.0877551,0.101156816,0.121270716,0.11041666,0.07857143,0.08493151,0.10437158,0.11029412,0.06422413,0.05,0.104054056,0.077599995,0.076,0.08175,0.08305785,0.08104839,0.07715231,0.093910255,0.03318584,0.106543206,0.12931034,0.055902775,0.041015625,1.0
légère,0.08571429,0.084337346,0.12027026,0.080952376,0.077419356,0.1092437,0.07605633,0.08097345,0.09594595,0.06708334,0.06711165,0.1008547,0.16337046,0.1307947,0.12753624,0.107812494,0.091810346,0.1120915,0.113679245,0.06104651,0.09197531,0.0940678,0.120526314,0.07813433,0.090588234,0.0956044,0.09574468,0.084297515,0.11309523,0.052409638,0.09306666,0.12575758,0.056578945,0.06836735,0.11710526,1.0
solaire,0.07714286,0.075,0.082894735,0.06263737,0.09051724,0.0922619,0.066822425,0.06346154,0.076973684,0.08411764,0.03514589,0.07317073,0.03641975,0.06982758,0.0684466,0.08852459,0.09567901,0.052118644,0.061267607,0.061764706,0.075,0.065060236,0.0825,0.032283463,0.05,0.05892857,0.076271184,0.0627907,0.06923077,0.040625,0.03470588,0.06581633,0.064556964,0.05952381,0.08376068,0.11321838,1.0
soin,0.075,0.06153846,0.12169811,0.1053719,0.085227266,0.119736835,0.079927005,0.08611111,0.12924528,0.07695652,0.07874692,0.105803564,0.05918079,0.11678082,0.09360902,0.12032967,0.09324324,0.08614865,0.11089108,0.06481481,0.075,0.09690265,0.08,0.049999997,0.092727266,0.0872093,0.12752809,0.08534482,0.10289256,0.053846154,0.057972968,0.09048672,0.05917431,0.06774194,0.09965987,0.112820506,0.078658536,1.0
hiver,0.10765305,0.076973684,0.13942307,0.08067227,0.08023255,0.10535715,0.067777775,0.060849056,0.086538464,0.054424778,0.066790126,0.09136363,0.065056816,0.16736111,0.09274809,0.11573033,0.097247705,0.115068495,0.081818186,0.064556964,0.056756753,0.10630631,0.07670455,0.07111614,0.07730061,0.07678571,0.094827585,0.06315789,0.075630255,0.045394737,0.05285326,0.0703125,0.053271025,0.057692308,0.107586205,0.13347825,0.08624999,0.10363636,1.0
uv,0.07094594,0.06346154,0.091874994,0.058421053,0.06532258,0.081818186,0.048648648,0.062195122,0.098749995,0.05730337,0.030971128,0.078488365,0.028810974,0.08291666,0.065887846,0.089999996,0.08764706,0.056557372,0.076,0.057272725,0.075,0.060344826,0.09296875,0.025821596,0.04748201,0.075,0.08333333,0.071666665,0.074210525,0.049038462,0.028779069,0.047749996,0.045180723,0.051492535,0.076033056,0.082417585,0.14196427,0.08895349,0.07678571,1.0
pompe,0.05869565,0.044999998,0.07806122,0.05973451,0.060000002,0.065094344,0.07093023,0.063,0.07040816,0.053271025,0.04699248,0.054807693,0.047976878,0.05869565,0.057600003,0.065060236,0.1907767,0.05142857,0.051612902,0.05479452,0.06397059,0.057142857,0.06402439,0.030213088,0.045859873,0.051923078,0.059259254,0.062037036,0.06238938,0.027857142,0.040331494,0.05412844,0.46930692,0.057647057,0.050719425,0.066055045,0.066891894,0.07067307,0.05735294,0.053846154,1.0
peaux,0.3261194,0.044413406,0.099999994,0.077927925,0.0484127,0.078139536,0.07016807,0.05023923,0.06666666,0.04976852,0.11919291,0.08661972,0.0921978,0.13016194,0.096367516,0.082812496,0.06981133,0.11706827,0.060891084,0.05439561,0.03983051,0.084345795,0.07251308,0.1186684,0.091165416,0.05053476,0.06236842,0.072350234,0.0804054,0.048882682,0.078450106,0.08425076,0.042857144,0.0492268,0.104233876,0.102064215,0.045081966,0.087793425,0.123696685,0.04893048,0.04902439,1.0
dommage,0.082894735,0.05833333,0.07682927,0.08865979,0.065625,0.08111111,0.05575221,0.07083333,0.062195122,0.052747253,0.044908613,0.08806819,0.028636362,0.06393442,0.072477065,0.08059701,0.07413793,0.058064513,0.060389604,0.072807014,0.060576923,0.07078652,0.07045454,0.02831513,0.06595744,0.058064513,0.092307694,0.06684782,0.063402064,0.041666664,0.03034682,0.040841583,0.049411763,0.07608695,0.05,0.06935483,0.056896552,0.08977273,0.07790697,0.060483873,0.065625,0.052380953,1.0
mine,0.058273375,0.12051283,0.089655176,0.0646875,0.0507874,0.0745098,0.05625,0.0632653,0.093793094,0.07337662,0.08015695,0.102649,0.0740458,0.07945945,0.10058139,0.10192308,0.070999995,0.11684492,0.084285714,0.053749997,0.056086954,0.06118421,0.100387596,0.060795452,0.08897059,0.048,0.06796875,0.10129032,0.1390625,0.049572647,0.084596574,0.09075472,0.04662162,0.047727272,0.09516129,0.0900641,0.06776859,0.09503311,0.06812081,0.0572,0.0513986,0.08472222,0.0507874,1.0
belle,0.06428572,0.094545454,0.12108434,0.075,0.08076923,0.08406594,0.06315789,0.07235294,0.090361446,0.05054348,0.042187497,0.103932574,0.042447127,0.085365854,0.10863636,0.121323526,0.075,0.098,0.1474359,0.06724138,0.07924528,0.11111111,0.07388059,0.03364486,0.08521126,0.1904762,0.11818182,0.07526881,0.07653061,0.05181818,0.04538905,0.06576355,0.04360465,0.060000002,0.095564514,0.09734042,0.06610169,0.10449438,0.09137931,0.09206349,0.057407405,0.05763158,0.09615385,0.0703125,1.0
effet,0.04363636,0.041501977,0.08629893,0.05625,0.046577945,0.07041522,0.060897436,0.05918728,0.068327405,0.04741379,0.12852234,0.08466899,0.12277883,0.094236754,0.09155844,0.06785714,0.052972026,0.090092875,0.080072455,0.05800781,0.03804781,0.073784724,0.058679245,0.122202374,0.10426471,0.05651341,0.06382576,0.06752577,0.15371622,0.03596838,0.1346789,0.1360349,0.039612677,0.033582088,0.103416145,0.09520547,0.04747082,0.084146336,0.06315789,0.04329502,0.043369174,0.09703608,0.03878327,0.22239262,0.055681817,1.0
gamme,0.067058824,0.05952381,0.10714286,0.09056603,0.07602739,0.095454544,0.059016388,0.056451615,0.070879124,0.048,0.04387755,0.069587626,0.040117994,0.0812977,0.07881356,0.092763156,0.0703125,0.06766917,0.09011627,0.056818176,0.056557372,0.08571429,0.064,0.040461536,0.067999996,0.09859155,0.11486486,0.06237624,0.06650943,0.040476188,0.040422533,0.055450235,0.04148936,0.06666667,0.07613636,0.08235294,0.055970147,0.095876284,0.097894736,0.054929577,0.05730337,0.075,0.07191781,0.050735295,0.12297297,0.045220587,1.0
journée,0.08414634,0.054950494,0.11860465,0.07604166,0.060810808,0.10255474,0.07125,0.09236641,0.11782946,0.05652174,0.08360465,0.11962963,0.06843501,0.09674556,0.11474359,0.09342105,0.079477616,0.088304095,0.114516124,0.08990384,0.07070707,0.10367647,0.092920355,0.055595927,0.12287234,0.11055045,0.09196428,0.20287769,0.11145834,0.04851485,0.07824428,0.09096385,0.052272726,0.051724136,0.12323529,0.106785715,0.065714285,0.107407406,0.07669173,0.063302755,0.060236216,0.08432203,0.07162162,0.10977012,0.106696434,0.089032255,0.0725,1.0
visage,0.07254098,0.078999996,0.12265625,0.08601398,0.07363636,0.10036764,0.07264151,0.085,0.11679687,0.06459854,0.08461538,0.10298507,0.07273936,0.11071429,0.12032258,0.08761062,0.09210526,0.097058825,0.09878048,0.056796115,0.06428572,0.096666664,0.084374994,0.06848617,0.12326203,0.08842593,0.11126126,0.11123188,0.104545444,0.048,0.07691327,0.10584676,0.05954198,0.06391304,0.113905326,0.102517985,0.083173074,0.13880597,0.08863636,0.068055555,0.069841266,0.08297872,0.07181818,0.10317919,0.08783784,0.09724919,0.09537815,0.13025478,1.0
peau,0.025286756,0.018783351,0.079844564,0.030051019,0.017951425,0.041726615,0.029518072,0.030196482,0.037098445,0.023357289,0.14680094,0.038208034,0.12716405,0.062487565,0.057711694,0.031263158,0.03041237,0.05734856,0.0603125,0.017340425,0.013262032,0.097788066,0.021812433,0.22004592,0.0743164,0.044232804,0.033860758,0.0345641,0.043826528,0.01488794,0.13917819,0.111382484,0.019421486,0.018644959,0.076590456,0.042930327,0.016471839,0.04067971,0.04401445,0.022328041,0.020404983,0.06833022,0.017634636,0.048613857,0.041244723,0.12940663,0.031956065,0.06619718,0.052970797,1.0
colle,0.051492535,0.09333333,0.09246575,0.04431818,0.05181818,0.057407405,0.04855769,0.08,0.100684926,0.036585364,0.030882353,0.06075949,0.049999997,0.05840708,0.081,0.08534482,0.073076926,0.054782607,0.09485294,0.0625,0.06627907,0.065,0.08157894,0.025791138,0.04659091,0.09528302,0.07232142,0.092771076,0.069886364,0.04,0.04183976,0.072797924,0.059210528,0.04,0.07192983,0.11130952,0.08265306,0.07025316,0.070129864,0.06792453,0.07183098,0.044999998,0.049090907,0.064406775,0.08035714,0.038385827,0.058593746,0.094607845,0.08762376,0.022494668,1.0
présentation,0.03275862,0.039230768,0.038709678,0.040277775,0.042,0.03861386,0.10362903,0.04105263,0.043548383,0.052941177,0.03185279,0.028787877,0.028592374,0.041353382,0.0425,0.057051282,0.10459183,0.03333333,0.0375,0.033088237,0.035714287,0.030000001,0.042857144,0.020552145,0.030592104,0.024657533,0.045394737,0.0461165,0.0375,0.020769231,0.035714287,0.032394364,0.0703125,0.04875,0.0380597,0.05576923,0.06884058,0.045454543,0.038659792,0.0369863,0.07582418,0.03875,0.042,0.04130435,0.0375,0.02627737,0.0375,0.038114753,0.042148758,0.011743215,0.056818176,1.0
adore,0.066315785,0.08150685,0.08762376,0.08793103,0.077710845,0.08899082,0.067803025,0.06990291,0.078712866,0.06409091,0.056965172,0.072897196,0.048424065,0.08687943,0.08515625,0.08023255,0.08490566,0.066083916,0.08385416,0.0375,0.06971831,0.07222222,0.07588235,0.034848485,0.06375,0.059259254,0.10119048,0.067567565,0.07112069,0.039041094,0.05410959,0.059502263,0.053365383,0.064772725,0.06971831,0.09374999,0.077922076,0.110280365,0.083809525,0.07037037,0.06969696,0.06201923,0.08313253,0.06780822,0.08571429,0.058333334,0.1,0.073846154,0.10620155,0.026811592,0.05878378,0.04468085,1.0
rougeurs,0.0879518,0.05163934,0.09101123,0.072115384,0.048591547,0.11804123,0.05125,0.06758242,0.07078652,0.047448978,0.04551282,0.09315789,0.03694362,0.084496126,0.08362069,0.08716216,0.06223404,0.07061069,0.10654762,0.0796875,0.07118644,0.08854166,0.08219178,0.030015431,0.14763513,0.07173913,0.08541667,0.09343434,0.086057685,0.11885246,0.03725212,0.04808612,0.032608695,0.053289473,0.06576923,0.089999996,0.060000002,0.089999996,0.07903226,0.067391306,0.043103445,0.072193876,0.07957746,0.07164179,0.09791666,0.059074074,0.07875,0.09491525,0.089743584,0.030450732,0.06532258,0.02926829,0.061666667,1.0
zone,0.104545444,0.049090907,0.14216867,0.059693873,0.055384614,0.091758244,0.04868421,0.075294115,0.08674698,0.040760867,0.040364582,0.09382022,0.033987917,0.07764228,0.06272727,0.07941177,0.061363637,0.052799996,0.075,0.09913793,0.07924528,0.10222222,0.082835816,0.027725857,0.11161972,0.080952376,0.10151515,0.08387096,0.06734693,0.054545455,0.036599424,0.044827584,0.05232558,0.044999998,0.06532258,0.075,0.058474574,0.08764045,0.06724138,0.07777777,0.057407405,0.06368421,0.08076923,0.043359373,0.07272727,0.04431818,0.07297297,0.110267855,0.10450451,0.02642405,0.06428572,0.029605264,0.073214285,0.11597222,1.0
hydrate,0.059285715,0.045478724,0.12060185,0.06515151,0.055808082,0.102008924,0.06174089,0.08073394,0.09583333,0.059333332,0.11373307,0.07364865,0.11724137,0.09550781,0.09053498,0.065422885,0.06651584,0.075,0.10165877,0.033769634,0.038709678,0.10695067,0.0665,0.11729032,0.09872726,0.06352041,0.06482412,0.09646018,0.08311688,0.029521277,0.14979167,0.1532738,0.043835614,0.028817734,0.11498054,0.11145374,0.061197918,0.1,0.07295454,0.05535714,0.045560744,0.09628482,0.03939394,0.09961686,0.067587934,0.14017633,0.05289855,0.11714285,0.10860655,0.14033303,0.057671957,0.03444976,0.07281106,0.05829268,0.05728643,1.0
mixte,0.09335664,0.045454543,0.16543624,0.075914636,0.0740458,0.099044584,0.08527777,0.06258278,0.08657718,0.056962024,0.10644444,0.09935483,0.095969774,0.110317454,0.10965909,0.096641794,0.0711039,0.10968586,0.09895833,0.09233871,0.04789916,0.19615385,0.07218045,0.09858757,0.13437499,0.09728682,0.10681818,0.081761,0.07957317,0.032231405,0.08886198,0.1035316,0.044407897,0.066176474,0.13973683,0.113749996,0.0656,0.102258064,0.1245098,0.05465116,0.051020406,0.13808593,0.065267175,0.07268041,0.09431818,0.10984848,0.085357144,0.13061798,0.1118644,0.1724359,0.056557372,0.033802815,0.074,0.073913045,0.093939394,0.14150944,1.0
dure,0.053703703,0.061016947,0.072413795,0.066176474,0.077536225,0.09105263,0.10042373,0.07247191,0.08908045,0.07760416,0.051417526,0.077419356,0.047462687,0.077559054,0.0745614,0.079166666,0.10869564,0.056976743,0.07317073,0.074193545,0.06315789,0.05106383,0.08028168,0.030650154,0.05239726,0.05373134,0.075,0.075773194,0.08039216,0.04576271,0.040455837,0.052173913,0.07611111,0.08108108,0.09179687,0.09030612,0.1015873,0.09301075,0.06098901,0.088805966,0.07764706,0.052577317,0.07173913,0.063257575,0.07071429,0.05391791,0.051923078,0.13060345,0.089999996,0.02389706,0.08,0.078125,0.07159091,0.065131575,0.07285714,0.06625616,0.060661763,1.0
convient,0.099065416,0.08117647,0.14292035,0.08203125,0.071052626,0.09669421,0.06458333,0.06521739,0.07964601,0.08524589,0.08429952,0.08697479,0.07271468,0.104575165,0.13678572,0.10663266,0.0898305,0.14032257,0.11481481,0.064772725,0.05421687,0.15291665,0.08350515,0.06815477,0.10261628,0.091397844,0.10104167,0.08170731,0.07734375,0.04764706,0.060344826,0.08540773,0.04913793,0.072,0.1344156,0.1157258,0.079213485,0.10294118,0.12521367,0.06774194,0.06351352,0.14568181,0.07842105,0.093987346,0.1,0.08435374,0.09615385,0.09929577,0.09787234,0.063854806,0.06802325,0.061320756,0.08552632,0.09509804,0.0796875,0.08951965,0.1839506,0.072,1.0
matifie,0.09264706,0.065625,0.104166664,0.07073171,0.061666667,0.116810344,0.06654676,0.075,0.1087963,0.07478633,0.058190707,0.10087718,0.059129212,0.09324324,0.09444444,0.07903226,0.07964601,0.076,0.11165048,0.06144578,0.06153846,0.09130435,0.075,0.04925037,0.11317365,0.07840909,0.09725275,0.098728806,0.0804878,0.05625,0.06330645,0.07741228,0.055405404,0.042631578,0.094630875,0.09957983,0.08571429,0.11140351,0.079017855,0.07670455,0.060849056,0.072558135,0.071666665,0.097385615,0.09725275,0.07352941,0.07121212,0.12372262,0.097058825,0.044758476,0.06851852,0.051980197,0.0853211,0.0984536,0.08076923,0.12299107,0.09426751,0.09263157,0.10661157,1.0
rachèterai,0.057142857,0.029032256,0.05833333,0.080476195,0.099305555,0.06122449,0.058264457,0.055434782,0.060000002,0.06666666,0.046035808,0.065625,0.032396447,0.07230769,0.051282052,0.058,0.067894734,0.04659091,0.061176468,0.041538462,0.05,0.060309272,0.056756753,0.0375963,0.063422814,0.055714283,0.08219178,0.0685,0.052857142,0.038709678,0.0279661,0.046190474,0.045161292,0.070129864,0.051526714,0.060891084,0.06590909,0.09010416,0.057446808,0.057857145,0.061363637,0.049492385,0.068749994,0.05333333,0.061643835,0.043542437,0.06790124,0.05420168,0.064830504,0.020314137,0.038095236,0.04337349,0.08516484,0.04556962,0.055479452,0.047330096,0.073021576,0.06233766,0.06553398,0.06734693,1.0
long,0.06388889,0.038372092,0.08157894,0.071705416,0.0625,0.07868852,0.062758625,0.17844826,0.082894735,0.06788617,0.053975902,0.09166667,0.04226519,0.080519475,0.07978723,0.07424242,0.07647059,0.06153846,0.104128435,0.06685393,0.057142857,0.07561983,0.073469386,0.03551263,0.078612715,0.06702127,0.08350515,0.07983871,0.07868217,0.040116277,0.055555552,0.06602564,0.0474359,0.037128713,0.08935484,0.0804,0.060000002,0.08708333,0.07838982,0.06223404,0.048214287,0.05837104,0.054687496,0.077987425,0.085051544,0.09152542,0.05857143,0.15454546,0.08556338,0.043820225,0.060344826,0.03785047,0.061304346,0.08252427,0.063402064,0.08543478,0.07269938,0.07574257,0.07913385,0.114754096,0.053365383,1.0
utilisation,0.08764045,0.07388059,0.12578948,0.092727266,0.08766233,0.09320389,0.06666666,0.07268041,0.09473684,0.0875,0.06969697,0.08019802,0.054373175,0.08777778,0.10409836,0.105,0.107499994,0.07554745,0.11,0.049285714,0.066923074,0.11029412,0.079746835,0.044342507,0.1301948,0.138,0.12051282,0.07714286,0.08454545,0.06417911,0.056545958,0.09046511,0.0627551,0.069512196,0.104411766,0.0990566,0.08239436,0.12623762,0.089393936,0.081999995,0.08387096,0.07549504,0.08376623,0.07392857,0.124358974,0.07373188,0.10755813,0.10282258,0.12967479,0.0459375,0.08602941,0.06761363,0.1,0.07678571,0.09615385,0.080094784,0.10277778,0.08231708,0.1273148,0.103398055,0.09941176,0.07981651,1.0
sent,0.06923077,0.05869565,0.10927835,0.07589286,0.05886076,0.099523805,0.058593746,0.102020204,0.11546391,0.08066037,0.058165826,0.06990291,0.05405797,0.0810219,0.08104839,0.09146341,0.101960786,0.066906475,0.096195646,0.047916666,0.06940298,0.09038462,0.075925924,0.042073168,0.07019231,0.090909086,0.088125,0.08644859,0.08035714,0.064492755,0.06897507,0.08041475,0.07,0.035714287,0.0826087,0.12546296,0.08561644,0.09757281,0.09158415,0.07207792,0.06315789,0.05882353,0.07025316,0.06549296,0.084374994,0.06241007,0.069886364,0.09603174,0.104,0.037577964,0.12571429,0.046666663,0.08367347,0.078488365,0.06375,0.10023474,0.0739726,0.06428572,0.07090909,0.11333333,0.056896552,0.103153154,0.09945652,1.0
parfaite,0.079518065,0.12704918,0.11460674,0.06923077,0.08661972,0.085051544,0.068749994,0.06758242,0.08764045,0.05663265,0.04653846,0.080526315,0.058011867,0.1,0.1724138,0.11756756,0.0893617,0.190458,0.09642857,0.0859375,0.073728815,0.10416666,0.14178082,0.04699074,0.066891894,0.110869564,0.108333334,0.075252526,0.09663461,0.05409836,0.06600566,0.087559804,0.059782606,0.06118421,0.13038461,0.1345,0.087692305,0.096315786,0.16720429,0.0826087,0.06551724,0.0877551,0.08450704,0.06940298,0.12708333,0.07074074,0.111875,0.086440675,0.08717948,0.037473794,0.08467741,0.036585364,0.085,0.087820515,0.06458333,0.063658535,0.109420285,0.059210528,0.125,0.08969072,0.05886076,0.062621355,0.12261905,0.10406976,1.0
grasse,0.09705882,0.04272727,0.13626944,0.069711536,0.057142857,0.08955224,0.076785706,0.0674359,0.095854916,0.049009897,0.1159919,0.08718593,0.14875284,0.112875536,0.10386363,0.07219101,0.06363636,0.09446808,0.09574468,0.057738096,0.04233129,0.13075,0.06920903,0.11409574,0.13789682,0.07630058,0.069886364,0.08325123,0.086538464,0.030000001,0.12910284,0.1370607,0.05484694,0.048333332,0.11858974,0.11936274,0.060059167,0.09346734,0.09720812,0.05346821,0.0539267,0.13233334,0.050571427,0.09159664,0.07329545,0.13462566,0.060869563,0.13986486,0.1260181,0.15973535,0.06385542,0.033064514,0.06262886,0.0684066,0.09914773,0.17330097,0.22727272,0.061666667,0.10631068,0.09950249,0.060928963,0.08091787,0.08297872,0.09026316,0.088736266,1.0
briller,0.12863636,0.04431818,0.13405173,0.06870229,0.059693873,0.10120967,0.069047615,0.06991525,0.10172413,0.0468,0.06642685,0.13688524,0.07184066,0.09903846,0.09720279,0.09207921,0.07066116,0.07594937,0.090540536,0.07582418,0.050581396,0.1101626,0.0795,0.05562963,0.10285714,0.09947916,0.10555556,0.102380954,0.06870229,0.039204545,0.0593421,0.07309322,0.045378152,0.04223301,0.10031847,0.09566929,0.06358695,0.09713115,0.10375,0.065625,0.061842103,0.109641254,0.09642857,0.06428572,0.1,0.07457913,0.077102795,0.1362069,0.10729166,0.06320082,0.07752809,0.028899081,0.07179487,0.087142855,0.1530303,0.10086206,0.14848486,0.07427184,0.1127907,0.1125,0.050943397,0.081923075,0.08513513,0.08362832,0.084285714,0.11818182,1.0
recommande,0.09342106,0.061111107,0.08231708,0.079896905,0.0953125,0.06666666,0.051769912,0.060714286,0.06402439,0.06098901,0.046344645,0.06306818,0.030454544,0.070081964,0.061926607,0.09179104,0.08275862,0.06491935,0.054545455,0.055263158,0.06634615,0.06573033,0.07727272,0.02550702,0.06560284,0.08629032,0.094615385,0.07173913,0.07371134,0.04722222,0.026878612,0.041584156,0.04235294,0.08405797,0.057317067,0.077419356,0.06465517,0.081818186,0.08837209,0.08629032,0.065625,0.06984127,0.07734375,0.06771654,0.083076924,0.03365019,0.07602739,0.066216215,0.07863636,0.02064414,0.07818182,0.038,0.084939755,0.06338028,0.07153846,0.043181818,0.0759542,0.07173913,0.080526315,0.06833333,0.075,0.05,0.0987013,0.056962024,0.08873239,0.05742857,0.06887755,1.0
douce,0.066216215,0.07528089,0.13974358,0.06818182,0.057575755,0.085999995,0.075675674,0.07521009,0.10854701,0.05833333,0.07236842,0.09186991,0.09013698,0.10636942,0.104166664,0.09264706,0.07868852,0.08396226,0.17767856,0.052173913,0.06724138,0.14274193,0.078712866,0.060059167,0.09744318,0.20670101,0.092999995,0.08031496,0.0875,0.040449437,0.10144356,0.13185653,0.0525,0.041826922,0.13006328,0.1296875,0.062903225,0.093495935,0.08305785,0.06494845,0.05869565,0.07611607,0.05909091,0.077469125,0.14699998,0.093120806,0.08611111,0.122945204,0.104482755,0.10509165,0.10444444,0.042272724,0.07118644,0.08301887,0.075,0.14377682,0.1569277,0.07355769,0.11153846,0.0996,0.04906542,0.097709924,0.115625,0.09736842,0.11839623,0.155,0.11578947,0.06363636,1.0
protection,0.075,0.057236843,0.086538464,0.06806723,0.071511626,0.08169642,0.08592593,0.07216981,0.100480765,0.07522124,0.046049383,0.08045454,0.046164773,0.08229166,0.070992365,0.08089887,0.10275229,0.05239726,0.06969696,0.043670885,0.06283784,0.06486487,0.069886364,0.034766216,0.064417176,0.051785715,0.07586207,0.0745614,0.07058824,0.029605264,0.047826085,0.07633929,0.05607477,0.056043956,0.1,0.10391305,0.29,0.08590908,0.0787037,0.27261907,0.066176474,0.056161135,0.0627907,0.06744966,0.06551724,0.052982457,0.055263158,0.07669173,0.08598485,0.024716202,0.06623376,0.061340205,0.074285716,0.06129032,0.07011494,0.07295454,0.06666666,0.102747254,0.073076926,0.09955356,0.059042554,0.074576266,0.08333333,0.08465347,0.08064516,0.065989845,0.07708333,0.06104651,0.08016528,1.0
satisfaite,0.075,0.049038462,0.104375,0.080526315,0.089516126,0.08863636,0.054054055,0.06402439,0.080625,0.06741573,0.049475066,0.097093016,0.031554878,0.07375,0.051869158,0.103846155,0.07588235,0.056557372,0.07933333,0.05181818,0.072,0.105747126,0.07734375,0.03176839,0.057194244,0.055,0.10396825,0.060000002,0.07842105,0.043269232,0.025290698,0.04575,0.05060241,0.055970147,0.0714876,0.07582418,0.075,0.10406976,0.07619048,0.0675,0.06153846,0.04812834,0.07983871,0.0552,0.08333333,0.04693486,0.096478865,0.0646789,0.07777777,0.022010583,0.059433963,0.030821918,0.098148145,0.069565214,0.07619047,0.05102041,0.06744186,0.085074626,0.087096766,0.07329545,0.11857142,0.060638294,0.11,0.058441557,0.08043478,0.053757224,0.068749994,0.089516126,0.06494845,0.06607143,1.0
prix,0.040999997,0.028057553,0.06405229,0.09158878,0.052777775,0.06878981,0.08783382,0.067532465,0.053921565,0.17126983,0.14777595,0.057051282,0.09467509,0.08627167,0.067567565,0.038659792,0.0744373,0.06422414,0.046843853,0.021886121,0.029710144,0.05511182,0.040172413,0.11306358,0.0779452,0.038286712,0.062110726,0.053955693,0.05794392,0.017266188,0.10710526,0.08884976,0.042880256,0.042832766,0.07175792,0.06987382,0.031382978,0.083653845,0.05467742,0.029895103,0.045230262,0.089951575,0.041493054,0.07108262,0.05051903,0.09599589,0.052693598,0.07014925,0.08008982,0.085226305,0.0390681,0.05050167,0.06058632,0.04,0.035121106,0.10011849,0.07816901,0.04897611,0.06520376,0.064968154,0.05422297,0.07046875,0.055813953,0.05693069,0.044745762,0.08759398,0.059472047,0.039756943,0.06718267,0.047741935,0.043356642,1.0
teintée,0.074117646,0.07539683,0.08901099,0.060849056,0.1239726,0.06969696,0.05532787,0.054838706,0.072527476,0.0555,0.044642854,0.08659794,0.051179938,0.123664126,0.098728806,0.113815784,0.068749994,0.08195488,0.06976744,0.043181818,0.083606556,0.06428572,0.11333334,0.09076923,0.053,0.059154924,0.08513513,0.05643564,0.089150935,0.03333333,0.052957743,0.06184834,0.039893616,0.06474359,0.07954545,0.1622549,0.1,0.087628864,0.10263158,0.08802816,0.053932585,0.08232322,0.07602739,0.07058824,0.08108108,0.07169118,0.069512196,0.05875,0.066806726,0.023953972,0.06015625,0.04047619,0.07934782,0.058124997,0.04662162,0.06207729,0.07285714,0.05576923,0.07355769,0.06060606,0.057407405,0.055714283,0.08023255,0.064772725,0.131875,0.07309782,0.06308411,0.06575342,0.0625,0.074210525,0.06338028,0.04141414,1.0
impression,0.06818182,0.06272727,0.12289156,0.06887755,0.06923077,0.093956046,0.057894737,0.06352941,0.0939759,0.057065215,0.050130207,0.09438202,0.04305136,0.08170731,0.08863636,0.09264706,0.081818186,0.0924,0.10769231,0.08189655,0.07641509,0.108333334,0.0761194,0.04384735,0.09190141,0.13492064,0.090909086,0.07258064,0.07959183,0.057272725,0.040489912,0.060344826,0.04360465,0.07928571,0.08467741,0.10212766,0.095762715,0.08258427,0.08965517,0.08571429,0.062962964,0.054473683,0.066923074,0.07578125,0.13939394,0.06458333,0.07905405,0.10267857,0.097297296,0.04535865,0.07767857,0.029605264,0.07857143,0.08958333,0.075,0.058793966,0.10795455,0.075,0.1,0.092307694,0.083561644,0.069587626,0.11282051,0.084374994,0.106249996,0.08835228,0.1,0.08076923,0.1035,0.062068965,0.08809523,0.0467128,0.07905405,1.0
ridules,0.036923077,0.059302326,0.06478873,0.029651163,0.04245283,0.039873417,0.050980393,0.045205478,0.038028166,0.035625,0.02016129,0.056493502,0.020689655,0.04054054,0.038265307,0.07410714,0.04736842,0.038495574,0.115909085,0.061956517,0.032926828,0.042307694,0.049090907,0.01452381,0.033461537,0.05882353,0.061111107,0.048148148,0.04360465,0.041860465,0.02238806,0.028272249,0.032432433,0.03362069,0.059374996,0.047560975,0.06382979,0.056493502,0.048,0.0754902,0.03043478,0.03539326,0.053773582,0.036206897,0.074074075,0.041666668,0.031451613,0.042,0.040909093,0.013835469,0.047727272,0.023437498,0.0375,0.0525,0.052777775,0.03128342,0.049583334,0.076724134,0.05,0.05126582,0.036885243,0.08352941,0.052272726,0.039705884,0.0475,0.03567073,0.04770115,0.036792453,0.05909091,0.07666667,0.055882353,0.021119133,0.043548383,0.041666664,1.0
bouchon,0.009183673,0.01111111,0.005454545,0.012857143,0.008108108,0.009523809,0.012209302,0.0052631577,0.005454545,0.011718749,0.0037921346,0.0073770485,0.0044554453,0.0031578948,0.0054878043,0.0112499995,0.034166668,0.0077319583,0.006,0.005,0.006,0.007258064,0.0038461538,0.0024429967,0.0026315788,0.008571428,0.007894737,0.0046153846,0.008571428,0.016666666,0.0037617553,0.004285714,0.012931034,0.010714286,0.00625,0.0045454544,0.014516128,0.0049180323,0.012711864,0.008571428,0.01981132,0.0046296297,0.008108108,0.003,0.007894737,0.0044491524,0.006521739,0.0035714286,0.007228915,0.0016304348,0.005357143,0.042708334,0.010714286,0.003409091,0.0039473684,0.0017543859,0.005769231,0.021428572,0.013235294,0.007142857,0.01,0.004347826,0.015000001,0.011538462,0.010227273,0.004054054,0.004225352,0.012162162,0.010416666,0.010169491,0.008571428,0.004597701,0.009782609,0.019736841,0.005769231,1.0
jours,0.074257426,0.05506329,0.12850468,0.076229505,0.08876404,0.10521739,0.06847826,0.063302755,0.10327102,0.06422413,0.06593137,0.10486726,0.054788727,0.10408163,0.09402985,0.13423912,0.098660715,0.10436241,0.08676471,0.062195122,0.06623376,0.114035085,0.08076923,0.055180177,0.11415662,0.093103446,0.10333333,0.079487175,0.091803275,0.047468353,0.055390835,0.0746696,0.054545455,0.08085106,0.103040546,0.108050846,0.08674698,0.12522124,0.12252252,0.07413793,0.06285714,0.08925233,0.07247191,0.084539466,0.10333333,0.08836805,0.08724489,0.097058825,0.1411111,0.046039093,0.069375,0.032999996,0.08333333,0.096354164,0.08,0.078475334,0.09903846,0.08297872,0.117083326,0.10173913,0.06494845,0.084297515,0.16127451,0.09374999,0.110416666,0.09374999,0.09756097,0.08932584,0.095564514,0.074324325,0.08965517,0.059744406,0.08571429,0.119444445,0.042307694,0.012096774,1.0
masque,0.058208957,0.086666666,0.06575342,0.04431818,0.046363633,0.048148148,0.025961539,0.044,0.07191781,0.043902434,0.030481283,0.074050635,0.030218067,0.057079647,0.0705,0.08534482,0.059615385,0.06391304,0.08382353,0.071875,0.073255815,0.04875,0.071052626,0.021677217,0.05909091,0.06792453,0.07767857,0.0879518,0.10397727,0.08333333,0.027151333,0.05388601,0.039473683,0.0425,0.060087718,0.09047619,0.07959183,0.07025316,0.058441557,0.08207547,0.050704222,0.044166666,0.05181818,0.09279661,0.08035714,0.06791338,0.064843744,0.0632353,0.06534654,0.020628998,0.09456521,0.03863636,0.0527027,0.1032258,0.05892857,0.0484127,0.044262294,0.0625,0.07790697,0.07777777,0.042857144,0.06551724,0.06838235,0.07071429,0.075,0.05512048,0.05224719,0.054545455,0.06833333,0.060389604,0.056603774,0.027956989,0.06015625,0.09553571,0.04431818,0.005357143,0.073125,1.0
qualité,0.057142857,0.048795182,0.07837838,0.10079365,0.09086021,0.07689076,0.062323943,0.077876106,0.067567565,0.5204167,0.08106796,0.07393163,0.038022283,0.0781457,0.06086956,0.0796875,0.08749999,0.066339865,0.060849056,0.040116277,0.048148148,0.06864406,0.06315789,0.041940298,0.06264706,0.046153847,0.07659574,0.054545455,0.06666666,0.032530118,0.045066666,0.051948052,0.04342105,0.042857144,0.06414473,0.076229505,0.05517241,0.092307694,0.06521739,0.06428572,0.052293576,0.06422018,0.062903225,0.0698718,0.07180851,0.050342463,0.073529415,0.0675,0.06582733,0.03114754,0.04464286,0.044711538,0.08526786,0.063,0.054255318,0.064537436,0.0609375,0.07908163,0.08306452,0.086134456,0.060891084,0.081999995,0.09716981,0.090277776,0.06599999,0.05147059,0.061417323,0.06612903,0.072656244,0.075217396,0.082417585,0.17555204,0.05147059,0.057446808,0.050609756,0.006818182,0.075,0.04464286,1.0
pique,0.018,0.026785715,0.03482143,0.02112676,0.015789473,0.021093749,0.008620689,0.015517241,0.013392857,0.011538462,0.006302521,0.012096774,0.004440789,0.015625,0.0126506025,0.021951217,0.017213114,0.009183673,0.020588236,0.029032256,0.023076924,0.07142857,0.01875,0.0051219515,0.014347826,0.020833332,0.03076923,0.018181818,0.01056338,0.03214286,0.00328125,0.005965909,0.010169491,0.01744186,0.013917525,0.013432835,0.01875,0.019354839,0.0175,0.020833332,0.016666666,0.014723926,0.011842105,0.008910891,0.03076923,0.0082278475,0.031914894,0.00882353,0.010714286,0.007166124,0.025862068,0.012244897,0.018421052,0.023333332,0.026923077,0.0113372095,0.015714286,0.020930232,0.021739129,0.03671875,0.026086956,0.012857143,0.04019608,0.01981132,0.023333332,0.010067114,0.01875,0.02368421,0.012328766,0.01,0.03333333,0.006870229,0.0063829785,0.026923077,0.027777778,0.0,0.021428572,0.015517241,0.017910447,1.0
hydratant,0.07058824,0.057142857,0.09065934,0.094339624,0.06369863,0.0979798,0.057786886,0.09301075,0.08901099,0.087500006,0.06071429,0.08195876,0.04498525,0.082442746,0.0809322,0.11578947,0.09479166,0.06766917,0.08313953,0.07272727,0.09016393,0.075,0.081999995,0.036307693,0.064,0.06971831,0.08513513,0.07722772,0.09292453,0.05,0.039718308,0.06777251,0.054255318,0.0724359,0.081818186,0.097058825,0.082835816,0.1242268,0.11105263,0.10070422,0.06404494,0.07297979,0.069863014,0.066176474,0.075,0.0836397,0.0804878,0.0775,0.084453784,0.030596234,0.058593746,0.04464286,0.07336956,0.073125,0.06891891,0.069323674,0.078928575,0.09166667,0.086538464,0.07272727,0.06851852,0.086666666,0.095930226,0.09659091,0.0975,0.07065217,0.07429907,0.084246576,0.079166666,0.072631575,0.08450704,0.04191919,0.0804878,0.08108108,0.05564516,0.009782609,0.08112244,0.072656244,0.07647059,0.022340424,1.0
efficace,0.074050635,0.057894737,0.10058823,0.10699999,0.117910445,0.087096766,0.077586204,0.10517241,0.10882353,0.10425531,0.050518133,0.08571429,0.042342342,0.089999996,0.088392854,0.11571429,0.09166666,0.067322835,0.091874994,0.0675,0.08727272,0.08804347,0.08913043,0.034860246,0.072569445,0.096923076,0.12941177,0.075789474,0.094,0.05,0.05444126,0.0697561,0.05625,0.052083332,0.094841264,0.12135416,0.12868851,0.12142857,0.08932584,0.09846154,0.06325301,0.058593746,0.07388059,0.070384614,0.11617647,0.062218044,0.10065789,0.092982456,0.102212384,0.029578947,0.08534482,0.06858975,0.073255815,0.08513513,0.075,0.07288557,0.08246269,0.08125,0.08979592,0.090322584,0.08733334,0.12171717,0.115625,0.11463414,0.1054054,0.078089885,0.071287125,0.07388059,0.1127451,0.103370786,0.087692305,0.06219931,0.11315788,0.0992647,0.06428572,0.015000001,0.08804347,0.094827585,0.09947916,0.018292682,0.10789473,1.0
taches,0.018,0.021428572,0.021428572,0.008450704,0.011842105,0.0140625,0.010344828,0.012931034,0.01607143,0.011538462,0.006302521,0.016935484,0.004440789,0.024479166,0.01445783,0.010975609,0.012295081,0.0061224485,0.01764706,0.014516128,0.023076924,0.007142857,0.02625,0.00601626,0.013043478,0.020833332,0.015384615,0.01590909,0.012676056,0.021428572,0.0046875,0.005965909,0.0076271184,0.010465116,0.013917525,0.020149253,0.059375,0.016935484,0.015000001,0.025,0.013888889,0.008282209,0.019736841,0.013366337,0.026923077,0.0063291136,0.012765957,0.014117648,0.027976193,0.003583062,0.010344828,0.009183673,0.02105263,0.030000001,0.03076923,0.009593023,0.017142856,0.024418604,0.013043478,0.0140625,0.026086956,0.015000001,0.014705882,0.016981132,0.0066666664,0.012080536,0.0125,0.015789473,0.006164383,0.015000001,0.008333333,0.0057251905,0.019148935,0.015384615,0.005555555,0.0,0.016666666,0.015517241,0.01119403,0.0,0.019148935,0.042682923,1.0
facile,0.05106383,0.0625,0.087,0.05869565,0.06402439,0.07777777,0.058396947,0.07009804,0.0925,0.0412844,0.05062344,0.07358491,0.09612069,0.07392857,0.08858267,0.08117647,0.07857143,0.070774645,0.09736841,0.05,0.06428572,0.07663551,0.09761905,0.040971167,0.065094344,0.080625,0.072289154,0.066818185,0.083478265,0.0375,0.0739011,0.12659091,0.06990291,0.031034483,0.0964539,0.1418919,0.073026314,0.091981135,0.077884614,0.06375,0.073469386,0.06086956,0.043902434,0.058965515,0.077710845,0.07170818,0.06593407,0.07984497,0.08320312,0.033212435,0.09452055,0.037096772,0.059405938,0.06235955,0.05783132,0.07962963,0.077181205,0.06896551,0.07168142,0.06527778,0.043333333,0.06052631,0.08210526,0.1,0.112359546,0.08238342,0.08534482,0.05121951,0.1,0.06634615,0.058124997,0.045588236,0.070879124,0.072289154,0.038028166,0.008181818,0.07990654,0.069863014,0.055405404,0.013392857,0.07747253,0.08470588,0.008035715,1.0
imperfections,0.083093524,0.055128206,0.09827586,0.079375,0.054330707,0.09117647,0.052840907,0.06632653,0.083793096,0.063961044,0.099327356,0.13377483,0.07277354,0.09162162,0.10348837,0.109615386,0.06599999,0.09117647,0.10642857,0.06583334,0.08130434,0.078947365,0.09263566,0.06441761,0.1382353,0.073199995,0.09648437,0.1083871,0.1621875,0.1508547,0.071882635,0.08641509,0.039527025,0.05871212,0.09435483,0.10064103,0.057024796,0.09602649,0.079530194,0.0564,0.05244755,0.111904755,0.07362205,0.11894737,0.08203125,0.12699386,0.066176474,0.116091944,0.10028901,0.06831683,0.0470339,0.031521738,0.070890404,0.14552239,0.07578125,0.09252873,0.10103092,0.061363637,0.10981012,0.13300654,0.062962964,0.10754717,0.08571429,0.086971834,0.077238806,0.10357143,0.10155279,0.06496063,0.09598765,0.06912752,0.062399995,0.07037037,0.07830882,0.084374994,0.05862069,0.0075000003,0.090460524,0.13305084,0.060576923,0.016336635,0.08492646,0.085,0.016336635,0.060000002,1.0
brille,0.09945055,0.045652173,0.14020617,0.06696428,0.06835443,0.09095238,0.048046876,0.06060606,0.09690722,0.041037735,0.053768843,0.11116505,0.047826085,0.091605835,0.095564514,0.10609756,0.064705886,0.09100719,0.120108694,0.10208333,0.06268656,0.098076925,0.10308642,0.039634146,0.11057692,0.10909091,0.10874999,0.11121495,0.08392858,0.05652174,0.04778393,0.06912442,0.038999997,0.046428572,0.097463764,0.08888888,0.05958904,0.101456314,0.08019802,0.07207792,0.06421053,0.069362745,0.074050635,0.075,0.103125,0.07248201,0.07159091,0.18531746,0.112,0.054677755,0.07071429,0.028333332,0.06122449,0.095930226,0.113749996,0.078638494,0.13219178,0.073214285,0.098181814,0.11,0.07068965,0.08918919,0.09456521,0.07819149,0.08023255,0.10289473,0.13362832,0.0778481,0.10526316,0.054950494,0.075974025,0.04554455,0.06306818,0.1125,0.04632353,0.005769231,0.10528845,0.06428572,0.05694444,0.022641508,0.07670455,0.075,0.01981132,0.068041235,0.09788732,1.0
donné,0.096875,0.04913793,0.08372093,0.05643564,0.07867647,0.08457447,0.06495726,0.069886364,0.075,0.044210523,0.048966404,0.0798913,0.034131736,0.069047615,0.069026545,0.08661972,0.06923077,0.057421874,0.07222222,0.076229505,0.075,0.077419356,0.08285714,0.039302327,0.21310344,0.06818182,0.09130435,0.07604166,0.060891084,0.059482757,0.032999996,0.04514563,0.037078653,0.05958904,0.06496063,0.077319585,0.077419356,0.096195646,0.078333326,0.0840909,0.05357143,0.053626943,0.07720588,0.051526714,0.086956516,0.05131086,0.074025966,0.07652174,0.089035094,0.03070452,0.06610169,0.030379744,0.0637931,0.09933334,0.10797101,0.05544554,0.07444444,0.05958904,0.07121212,0.081382975,0.06710526,0.074499995,0.10123456,0.065060236,0.08,0.075139664,0.09803922,0.07720588,0.07524272,0.07,0.081818186,0.038527396,0.07922077,0.08043478,0.05263158,0.0036585364,0.087096766,0.07118644,0.051030926,0.025,0.07987013,0.09507042,0.014285714,0.075,0.08320611,0.08313253,1.0
tube,0.054545455,0.051363632,0.08043478,0.11470588,0.08833333,0.07910959,0.11715976,0.07071429,0.075,0.079931974,0.08416857,0.08333333,0.06632124,0.079213485,0.08969697,0.065853655,0.1583916,0.07722222,0.062030073,0.041150443,0.055555556,0.07034483,0.059016388,0.0553802,0.07817259,0.062288135,0.08264462,0.0625,0.06960784,0.028636362,0.057338305,0.07131783,0.082624115,0.1072,0.07932961,0.08657718,0.06666666,0.1,0.077816896,0.052118644,0.105882354,0.06918367,0.0675,0.071311474,0.076859504,0.07351097,0.06627907,0.0754491,0.11385542,0.037936192,0.045945942,0.10114504,0.08884891,0.06259842,0.054545455,0.07125984,0.0842246,0.168,0.091721855,0.076712325,0.0765625,0.06315789,0.11503759,0.056666665,0.07559055,0.07077922,0.06525974,0.07791667,0.08064517,0.080633804,0.06864406,0.10261628,0.06627907,0.065702476,0.035779815,0.036021505,0.09896551,0.043243244,0.07214765,0.014361702,0.06744186,0.0804878,0.011170212,0.07463768,0.06557377,0.06185185,0.058064513,1.0
sensation,0.067857146,0.077419356,0.11666666,0.057142857,0.06041666,0.08112244,0.04710744,0.07826087,0.10333333,0.0530303,0.049999997,0.068749994,0.06553254,0.084230766,0.08589743,0.076,0.077368416,0.06704545,0.11117647,0.055384614,0.0675,0.085051544,0.07297297,0.040986132,0.09899328,0.10642857,0.090410955,0.081,0.08142857,0.03387097,0.062711865,0.08857143,0.056451615,0.046753246,0.11564885,0.112376235,0.07954545,0.096875,0.07021277,0.07714286,0.06647727,0.054060914,0.05625,0.07111111,0.09246575,0.058671582,0.0882716,0.13025211,0.14449152,0.03958115,0.1436508,0.037951805,0.07857143,0.07025316,0.093835615,0.091019414,0.07769784,0.088961035,0.09417476,0.08724489,0.046874996,0.086057685,0.11294118,0.12011494,0.09683544,0.11038251,0.09292453,0.07083333,0.13644859,0.08297872,0.055714283,0.04662162,0.053703703,0.11712328,0.05163934,0.0066666664,0.11340206,0.1015873,0.05643564,0.022826087,0.08148148,0.089999996,0.006521739,0.09166666,0.08185185,0.08965517,0.080921054,0.053906247,1.0
joli,0.05898876,0.07388059,0.077368416,0.061363637,0.06623376,0.08252427,0.090476185,0.058762886,0.09105263,0.05625,0.051388886,0.116336636,0.05131195,0.06666666,0.086065575,0.125,0.10699999,0.08613138,0.075,0.07071429,0.083076924,0.061764706,0.09683544,0.037461773,0.06525974,0.08533333,0.08076923,0.07857143,0.12636364,0.06417911,0.06281337,0.065348834,0.1010204,0.047560975,0.07463235,0.09481132,0.07605633,0.078712866,0.07121212,0.08,0.08333333,0.06212871,0.06428572,0.08964286,0.075,0.07934782,0.06976744,0.07258064,0.07804878,0.033229165,0.075,0.06647727,0.0765625,0.08392857,0.07115385,0.06042654,0.0625,0.08719513,0.08981481,0.08009708,0.04235294,0.061926607,0.086666666,0.08478261,0.104761906,0.069148935,0.075675674,0.06818182,0.088392854,0.06969696,0.06599999,0.051993355,0.08313953,0.0974359,0.047727272,0.047,0.11666667,0.090441175,0.06367924,0.01764706,0.075,0.075,0.011764706,0.11842105,0.085357144,0.075,0.057407405,0.102631584,0.074117646,1.0
matin,0.06818182,0.054545455,0.08333333,0.060344826,0.05833333,0.13437499,0.052427184,0.0527027,0.075,0.042592593,0.030563002,0.057692308,0.03140625,0.06294643,0.06515151,0.08421052,0.06623376,0.04473684,0.067164175,0.057446808,0.05,0.07025316,0.06160714,0.027179081,0.05610687,0.075,0.07363636,0.0707317,0.056896552,0.051136363,0.03794643,0.042187497,0.04,0.04576271,0.05840708,0.077710845,0.08125,0.093589745,0.078947365,0.08076923,0.060000002,0.050837986,0.06666666,0.0525641,0.07090909,0.03557312,0.071428575,0.060891084,0.09799999,0.023265742,0.08,0.030000001,0.06575342,0.076229505,0.07363636,0.049202126,0.057024796,0.061016947,0.073529415,0.0675,0.060483873,0.050581396,0.08955224,0.069565214,0.10081967,0.056969695,0.08125,0.07962963,0.071910106,0.06710526,0.06634615,0.030215828,0.06190476,0.07909091,0.041860465,0.005555555,0.0886076,0.056666665,0.05421687,0.021428572,0.07619047,0.08421052,0.026785715,0.052083332,0.057692308,0.067391306,0.09051724,0.061363637,0.077419356,0.06268656,1.0
pénètre,0.06143617,0.04698795,0.13376288,0.06507177,0.051988635,0.08737624,0.064,0.057397958,0.10206186,0.04507389,0.10282828,0.072749995,0.21572399,0.11431624,0.08959276,0.06759776,0.083165824,0.08495762,0.09206349,0.03816568,0.043597564,0.10547264,0.055617977,0.12629482,0.083992094,0.087643676,0.06836158,0.07622549,0.08373205,0.03313253,0.1621179,0.21815287,0.056852788,0.0339779,0.12595744,0.14731707,0.057058822,0.0905,0.084595956,0.0591954,0.061979167,0.099501655,0.043465905,0.08221757,0.076836154,0.12653333,0.066216215,0.10672645,0.10968468,0.10656279,0.08083832,0.03529412,0.07564103,0.055737704,0.06723164,0.18,0.1292181,0.061049722,0.08768115,0.08910891,0.042391304,0.06418269,0.09232804,0.10497382,0.084699444,0.17926827,0.10071428,0.055681817,0.16113743,0.06919192,0.05574713,0.091874994,0.065675676,0.08163841,0.03818182,0.0070469794,0.084825866,0.04550898,0.059756096,0.008,0.067027025,0.06955307,0.007,0.11907216,0.07970711,0.07303665,0.053055555,0.07564655,0.102445655,0.08253968,0.04698795,1.0
déçue,0.08546511,0.065625,0.11521739,0.077102795,0.08918919,0.0885,0.060975607,0.059042554,0.0798913,0.063861385,0.063358776,0.092857145,0.041029412,0.093939394,0.07436975,0.1012987,0.069587626,0.08992538,0.077586204,0.060447764,0.06532258,0.07878788,0.09605263,0.04416283,0.10033113,0.052083332,0.084,0.07647059,0.077102795,0.06015625,0.038623594,0.054481134,0.039473683,0.08481013,0.06654135,0.0961165,0.081617646,0.10816326,0.0859375,0.08680555,0.060000002,0.06783919,0.08716216,0.07956204,0.077999994,0.056959707,0.07590361,0.081818186,0.08833333,0.027063739,0.057692308,0.031764705,0.09677419,0.074074075,0.089999996,0.06105769,0.08368794,0.06265823,0.10285714,0.091,0.10670732,0.06226415,0.11666666,0.06573033,0.085185185,0.08216216,0.06666666,0.08716216,0.061926607,0.0703125,0.13125,0.04681208,0.1006024,0.089999996,0.05,0.0063829785,0.095454544,0.060000002,0.07718447,0.021875,0.072289154,0.077922076,0.015625,0.05054348,0.087956205,0.097191006,0.10128205,0.07153846,0.069512196,0.0637931,0.0796875,0.05725806,1.0
grasses,0.44687498,0.051724136,0.08546511,0.06237624,0.06397059,0.07180851,0.05,0.057954542,0.08197674,0.04578947,0.040568475,0.075,0.033532932,0.07023809,0.06637168,0.08028168,0.06923077,0.058593746,0.07777777,0.08770491,0.07767857,0.07258064,0.08928572,0.038914725,0.07620689,0.056818176,0.069565214,0.09166666,0.060891084,0.04913793,0.028285714,0.04708738,0.053932585,0.055479452,0.06811023,0.085051544,0.075,0.08478261,0.078333326,0.06590909,0.06428572,0.2753886,0.06838235,0.05381679,0.067391306,0.03932584,0.074025966,0.07695652,0.06578947,0.02066246,0.06864406,0.041772153,0.0637931,0.08,0.09710145,0.050990097,0.088518515,0.053424656,0.09040404,0.07925532,0.07039474,0.056999996,0.075925924,0.065060236,0.076,0.0801676,0.10931373,0.066176474,0.071359225,0.071666665,0.07045454,0.03527397,0.06623376,0.073913045,0.039473683,0.0036585364,0.06935483,0.061016947,0.05412371,0.025,0.07207792,0.07605633,0.007142857,0.06744186,0.0740458,0.09819277,0.10555555,0.04959677,0.075,0.062962964,0.06724138,0.055555556,0.08461539,1.0
gras,0.06428572,0.052409638,0.16351351,0.06547619,0.05,0.0894958,0.055985916,0.08097345,0.11441441,0.0475,0.06638349,0.08076923,0.069916435,0.09139072,0.08478261,0.0734375,0.078879304,0.06568627,0.10613207,0.07790697,0.05,0.10508474,0.069473684,0.044328358,0.08529412,0.10824176,0.0893617,0.102066115,0.084523804,0.036144577,0.0692,0.096969694,0.072807014,0.03520408,0.11118421,0.10942622,0.07068965,0.10854701,0.074347824,0.06263737,0.07385321,0.06674311,0.0688172,0.089102566,0.09574468,0.11592466,0.075,0.13214286,0.12014388,0.06178279,0.10297619,0.045673076,0.07232142,0.0765,0.07659574,0.12819383,0.121562496,0.073469386,0.09919354,0.10672269,0.060891084,0.0876,0.099999994,0.12685186,0.081,0.13235295,0.10511811,0.06774194,0.14609374,0.069130436,0.06263737,0.05962145,0.05147059,0.11276595,0.034756098,0.0045454544,0.096610166,0.088690475,0.059016388,0.024626866,0.08235294,0.09947916,0.013432835,0.08873874,0.09775641,0.12824073,0.076804124,0.0704698,0.12574258,0.07783019,0.070481926,0.14439024,0.071359225,0.071134016,1.0
claire,0.0627551,0.12236842,0.09374999,0.0605042,0.06453488,0.07633928,0.05222222,0.045283016,0.06490384,0.039823007,0.051728394,0.085454546,0.055681817,0.079166666,0.20496184,0.101123594,0.063302755,0.38869864,0.08484848,0.05886076,0.0527027,0.1,0.085227266,0.03733032,0.07822086,0.094642855,0.10172413,0.057894737,0.08697479,0.049342103,0.053124998,0.06763393,0.035046726,0.06098901,0.07862069,0.096521735,0.050624996,0.08045454,0.125,0.051785715,0.047058824,0.080094784,0.071511626,0.07449664,0.115517244,0.07122807,0.074210525,0.084586464,0.07954545,0.05361197,0.042857144,0.029381443,0.06428572,0.07903226,0.058620688,0.059318177,0.10163399,0.046153847,0.15042736,0.087053575,0.04627659,0.059745762,0.08030303,0.06237624,0.23870967,0.08350254,0.09583333,0.054069765,0.095454544,0.04722222,0.060714286,0.044999998,0.08631579,0.12816092,0.04,0.03220339,0.1036036,0.06623376,0.054782607,0.0175,0.067894734,0.08370786,0.01,0.06634615,0.09295301,0.09504951,0.065,0.07887323,0.059042554,0.10252525,0.05131579,0.067424245,0.068749994,0.055,0.075652175,1.0
rides,0.05,0.047727272,0.068749994,0.062068965,0.06388889,0.060000002,0.046601944,0.10135135,0.047916666,0.042592593,0.023324396,0.057692308,0.024843749,0.067410715,0.048484847,0.057894737,0.05064935,0.04473684,0.10820895,0.07659574,0.05,0.056962024,0.05892857,0.017908083,0.051526714,0.06923077,0.07090909,0.047560975,0.062068965,0.047727272,0.023660714,0.034374997,0.033999998,0.05338983,0.049115043,0.05783132,0.0625,0.075,0.057236843,0.060576923,0.040714286,0.03435754,0.055555556,0.046153847,0.07636364,0.059881423,0.05952381,0.053465348,0.087500006,0.01846318,0.05333333,0.032307692,0.053424656,0.08114754,0.06272727,0.035106383,0.05165289,0.0559322,0.05647059,0.05625,0.053225804,0.0877907,0.067164175,0.063043475,0.049180325,0.04363636,0.049431816,0.06388889,0.05730337,0.049342103,0.054807693,0.03471223,0.047619045,0.1,0.1372093,0.01111111,0.0664557,0.07333333,0.05783132,0.026785715,0.07380952,0.09385964,0.0375,0.04375,0.051282052,0.06521739,0.059482757,0.046363633,0.053225804,0.051492535,0.061363637,0.032530118,0.06796875,0.04913793,0.06325301,0.06315789,1.0
creme,0.07058824,0.054374997,0.08055555,0.06707317,0.10444444,0.06853448,0.066906475,0.07181818,0.079166666,0.07350427,0.057334963,0.11096491,0.052808985,0.125,0.07777777,0.07903226,0.08053097,0.08933333,0.07427184,0.045180723,0.09871795,0.07173913,0.076630436,0.041304346,0.07964072,0.051136363,0.07417583,0.05720339,0.089837395,0.043124996,0.048387095,0.053947367,0.056756753,0.07473684,0.07214765,0.0894958,0.07857143,0.08552632,0.09508928,0.057954542,0.059433963,0.064186044,0.056666665,0.06960784,0.072527476,0.052422144,0.07575758,0.076642334,0.0805147,0.028622817,0.061111107,0.034158412,0.10045872,0.060309272,0.04945055,0.059375,0.076433115,0.069473684,0.065702476,0.06336207,0.05663265,0.06270491,0.062621355,0.07285714,0.081443295,0.075124376,0.075,0.067777775,0.0792,0.06830357,0.05625,0.05589172,0.07575758,0.071978025,0.037974685,0.007142857,0.0873913,0.059259254,0.059243698,0.009375,0.06969696,0.07580645,0.01875,0.06388889,0.07614379,0.068571426,0.057446808,0.0739726,0.0744898,0.066990286,0.0525,0.057178218,0.08799999,0.06382979,0.07058824,0.07232142,0.06875,1.0
pores,0.09153846,0.08372093,0.06760563,0.045348838,0.056603774,0.086708866,0.039705884,0.05958904,0.07183098,0.04125,0.028897848,0.077922076,0.028683385,0.056756753,0.07040816,0.09107143,0.05131579,0.053097345,0.12196969,0.055434782,0.09512195,0.053846154,0.092727266,0.018730158,0.093461536,0.110784315,0.097222224,0.075925924,0.075,0.10697675,0.031940296,0.043717276,0.036486484,0.023275862,0.05223214,0.07682927,0.07659574,0.070129864,0.053999998,0.07647059,0.05,0.04213483,0.065094344,0.05301724,0.110185176,0.041468255,0.060483873,0.081999995,0.06515151,0.019871796,0.07840909,0.03515625,0.06666666,0.1125,0.12129629,0.054812834,0.06708334,0.056896552,0.073214285,0.079746835,0.04672131,0.058235295,0.10378788,0.075,0.075,0.047560975,0.08103448,0.07358491,0.10284091,0.062,0.07058824,0.02870036,0.053225804,0.08611111,0.067857146,0.005769231,0.05576923,0.07840909,0.05487805,0.027777778,0.060483873,0.08303571,0.016666666,0.061267607,0.08448276,0.10955882,0.08157894,0.045412842,0.086065575,0.07954545,0.06627907,0.045454543,0.08333333,0.078947365,0.07134146,0.07,0.06976744,0.064556964,1.0
maquiller,0.057692308,0.059302326,0.09084507,0.070930235,0.053773582,0.13037975,0.03529412,0.05958904,0.102816895,0.050624996,0.03172043,0.06233766,0.030877741,0.0527027,0.05357143,0.07767857,0.08026316,0.049115043,0.056818176,0.07173913,0.07317073,0.06474359,0.07909091,0.019444445,0.049615383,0.087254904,0.06944444,0.08950617,0.057558138,0.03488372,0.027761193,0.048429318,0.050675675,0.051724136,0.06517857,0.08353658,0.09255318,0.074025966,0.058,0.06764706,0.06086956,0.03455056,0.053773582,0.046551723,0.07222222,0.033928573,0.062903225,0.06599999,0.08131313,0.017147437,0.10227273,0.0375,0.05625,0.07,0.07222222,0.043315504,0.059583332,0.06724138,0.057142857,0.06835443,0.070491806,0.04411765,0.081818186,0.09485294,0.08,0.055487804,0.06551724,0.070754714,0.064772725,0.062,0.073529415,0.034115523,0.04596774,0.104629636,0.05357143,0.011538462,0.08589744,0.07840909,0.0402439,0.03333333,0.06774194,0.06964286,0.02222222,0.07183098,0.06551724,0.07720588,0.06315789,0.050917428,0.08114754,0.0969697,0.099999994,0.07,0.05952381,0.06578947,0.11219511,0.05,0.06627907,0.053164557,0.075,1.0
jour,0.076744184,0.051869158,0.10555555,0.092999995,0.11666666,0.11503497,0.08825301,0.07116788,0.10703704,0.08888889,0.08486238,0.15035461,0.077415146,0.17314285,0.098148145,0.09958333,0.10142857,0.09067796,0.078461535,0.05590909,0.08523809,0.09788732,0.07310925,0.15043227,0.10463917,0.06391304,0.10635593,0.07655173,0.10733333,0.05280374,0.07205514,0.09294117,0.05760869,0.06721311,0.106818184,0.125,0.0954955,0.17340425,0.11079136,0.08304348,0.059774436,0.12024793,0.06282051,0.08416666,0.08135593,0.0931962,0.08690476,0.09146341,0.11472393,0.05755,0.052777775,0.049999997,0.0882353,0.077419356,0.075,0.09641434,0.11304347,0.091803275,0.092229724,0.09125874,0.0868,0.07550336,0.10692307,0.07954545,0.08830645,0.106140345,0.09139072,0.06410256,0.08980263,0.09532374,0.10347825,0.09912023,0.11904762,0.083898306,0.045283016,0.005,0.12429576,0.048611112,0.0890411,0.016483517,0.093650796,0.10458333,0.016483517,0.07666667,0.094166666,0.08257576,0.08264462,0.10404624,0.076799996,0.081923075,0.058878504,0.10065503,0.096850395,0.08636363,0.080136985,0.074460424,0.057476632,0.16923077,0.07358491,0.056603774,1.0
pénétration,0.08878504,0.075294115,0.103539824,0.064453125,0.060000002,0.0876033,0.041666664,0.07043478,0.10088495,0.06475409,0.07028985,0.07058824,0.10207756,0.10032679,0.08785714,0.07806122,0.08008474,0.07516129,0.09166666,0.052840907,0.05421687,0.076249994,0.08195876,0.054464284,0.06802325,0.06451613,0.068749994,0.07398374,0.10117187,0.028235296,0.10981432,0.14098713,0.06422413,0.0405,0.17272726,0.12741935,0.08089887,0.0882353,0.07692308,0.076881714,0.07252253,0.07022727,0.048947368,0.10126582,0.0796875,0.094897956,0.059134614,0.09084507,0.0893617,0.047955006,0.08372093,0.043867923,0.078947365,0.055882353,0.053124998,0.09694323,0.075925924,0.077999994,0.08809523,0.084297515,0.052427184,0.07559055,0.097222224,0.089999996,0.09362745,0.09854369,0.08023255,0.058421053,0.09884615,0.08290598,0.06612903,0.0645768,0.06346154,0.071875,0.039285716,0.0,0.0825,0.055813953,0.07822581,0.019565217,0.07932692,0.09591837,0.013043478,0.09026548,0.08354431,0.08454545,0.05909091,0.06456953,0.13203883,0.06527778,0.066470586,0.113768116,0.074285716,0.072222225,0.11370967,0.06282051,0.04588235,0.06694215,0.07261905,0.067857146,0.089864865,1.0
emballage,0.0061224485,0.016666666,0.016363636,0.008571428,0.016216217,0.007142857,0.013953488,0.007894737,0.005454545,0.009375,0.004213483,0.009836065,0.0024752475,0.007894737,0.0054878043,0.0112499995,0.0175,0.006185567,0.009,0.01,0.018,0.007258064,0.011538462,0.0026872964,0.007894737,0.021428572,0.02368421,0.009230769,0.010714286,0.005555555,0.0028213165,0.005142857,0.010344828,0.017857144,0.009375,0.009090909,0.024193548,0.014754097,0.0076271184,0.012857143,0.011320754,0.0064814813,0.028378377,0.0075000003,0.019736841,0.0050847456,0.019565217,0.008928572,0.03012048,0.0017934783,0.01607143,0.009375,0.01607143,0.013636364,0.011842105,0.0070175435,0.005769231,0.007142857,0.006617647,0.011904761,0.013333333,0.004347826,0.009,0.008653847,0.006818182,0.0050675673,0.012676056,0.024324324,0.00625,0.015254237,0.054285713,0.011302682,0.006521739,0.011842105,0.011538462,0.0,0.014516128,0.010714286,0.0045454544,0.013636364,0.013043478,0.0075000003,0.013636364,0.005454545,0.0075000003,0.008653847,0.010975609,0.009677419,0.01,0.021,0.016666666,0.008053691,0.012765957,0.0073170727,0.009090909,0.0076271184,0.02222222,0.007142857,0.005769231,0.023076924,0.011666666,0.006617647,1.0
film,0.054374997,0.056896552,0.15348837,0.050495047,0.052941177,0.07819149,0.04102564,0.061363637,0.09360465,0.04105263,0.037080105,0.057065215,0.04251497,0.071428575,0.06637168,0.06760563,0.06758242,0.05625,0.09259259,0.056557372,0.045535713,0.087096766,0.057857145,0.029302325,0.064137936,0.09772727,0.086956516,0.068749994,0.060891084,0.03362069,0.04342857,0.06359223,0.05224719,0.030821918,0.07559055,0.078865975,0.08225807,0.084239125,0.06833333,0.07045454,0.06607143,0.043523315,0.05514706,0.05496183,0.09347826,0.06029962,0.06623376,0.09130435,0.09166667,0.0413775,0.095762715,0.026582278,0.06551724,0.067999996,0.07173913,0.08886138,0.08481482,0.053424656,0.06969696,0.09095745,0.053289473,0.06599999,0.09567901,0.09698795,0.081999995,0.10418995,0.08529412,0.07720588,0.107766986,0.060000002,0.06363636,0.03527397,0.05064935,0.15434782,0.04210526,0.0036585364,0.08548387,0.063559316,0.04639175,0.03214286,0.077922076,0.08450704,0.017857144,0.06802325,0.0629771,0.104216866,0.06666666,0.048387095,0.12236842,0.061111107,0.077586204,0.111111104,0.067307696,0.06458333,0.4396907,0.075,0.06465517,0.04787234,0.06842105,0.11929824,0.060743798,0.0979798,0.014634145,1.0
nuit,0.079166666,0.053999998,0.09615385,0.06129032,0.1025,0.078488365,0.08027523,0.054374997,0.08974359,0.05517241,0.03852243,0.08214286,0.033128835,0.10466102,0.05142857,0.10396825,0.06686747,0.05125,0.07191781,0.053773582,0.0625,0.07235294,0.05564516,0.051491365,0.06459854,0.06896552,0.068852454,0.054545455,0.06129032,0.036,0.03508772,0.045454543,0.04444444,0.055384614,0.0605042,0.08764045,0.075,0.10119048,0.11463414,0.072413795,0.055263158,0.05918919,0.0725,0.06422764,0.09262295,0.04054054,0.0826087,0.07663551,0.07783019,0.021845173,0.05882353,0.04014084,0.074050635,0.064925365,0.068852454,0.047938142,0.073228344,0.06923077,0.07582418,0.0627907,0.07720588,0.06358695,0.080136985,0.064,0.06940298,0.067836255,0.06382979,0.0825,0.060000002,0.062195122,0.08534482,0.035387322,0.09565217,0.086065575,0.045918368,0.0045454544,0.11176471,0.04411765,0.05898876,0.022058824,0.073913045,0.080952376,0.08529412,0.057692308,0.05121951,0.07,0.099999994,0.054310344,0.06838235,0.06575342,0.085999995,0.055813953,0.10428571,0.0703125,0.060674153,0.04939024,0.069,0.08488372,0.06734693,0.07040816,0.1221239,0.06428572,0.0045454544,0.065625,1.0
teint,0.04783333,0.053417265,0.08218954,0.05732087,0.047222223,0.07738853,0.052077148,0.04902597,0.07614379,0.049365077,0.1485173,0.10608974,0.12599279,0.10404624,0.10975976,0.08453608,0.058681674,0.115086205,0.08122923,0.03256228,0.051449277,0.07220447,0.071551725,0.14803466,0.09753425,0.05472028,0.062456746,0.062341772,0.15171339,0.047302157,0.14175439,0.13321595,0.036245953,0.035836175,0.10072046,0.08801261,0.037765957,0.08092948,0.07983871,0.04055944,0.035526313,0.10665859,0.041840278,0.12008547,0.0600346,0.1767967,0.045454543,0.087611936,0.09880239,0.13996583,0.03763441,0.024581939,0.06270359,0.06016949,0.04083045,0.12345971,0.104225345,0.046075083,0.09357367,0.0727707,0.0375,0.05625,0.06461794,0.059240922,0.08322033,0.11829574,0.07701863,0.034374997,0.10386997,0.051612902,0.040909093,0.107226565,0.08653199,0.06868512,0.02870036,0.004597701,0.07460064,0.046953402,0.05504732,0.008015267,0.06313131,0.05154639,0.00629771,0.05735294,0.13846153,0.06567657,0.040068492,0.07340116,0.060135134,0.12990034,0.034532376,0.11925,0.055704694,0.04195205,0.06671924,0.09403226,0.037589926,0.06656051,0.054512635,0.031949457,0.106011726,0.072413795,0.0034482756,0.04109589,0.04014084,1.0
application,0.07244898,0.0612,0.13856208,0.07678571,0.07222222,0.11149068,0.07418478,0.08967742,0.10555555,0.07623457,0.09790748,0.1100629,0.12406483,0.11865284,0.12138888,0.08913043,0.085443035,0.11333333,0.10844594,0.06289063,0.064634144,0.107499994,0.09744526,0.09473315,0.12594339,0.089097746,0.08382353,0.08251534,0.1172619,0.0396,0.11366906,0.15347986,0.0625,0.049285714,0.13891752,0.14390244,0.07751937,0.10377359,0.09267516,0.058646612,0.06754967,0.104423076,0.06851851,0.101767674,0.09595588,0.13023952,0.06458333,0.1379121,0.13287292,0.084724955,0.08888888,0.04417808,0.075974025,0.08802816,0.082720585,0.14033456,0.1440594,0.08392857,0.11114458,0.102484465,0.05244755,0.08353293,0.10236486,0.09466667,0.09929577,0.14430894,0.12840237,0.05,0.14205883,0.06974523,0.06428572,0.092339836,0.07604166,0.12683824,0.042338707,0.0069444445,0.1271875,0.06626984,0.078963414,0.009633027,0.075,0.086956516,0.012385321,0.15457517,0.10151515,0.129,0.07014388,0.099476434,0.15104896,0.090878375,0.0588,0.13947368,0.07551724,0.064748205,0.12560976,0.09808917,0.0584,0.09068323,0.085080646,0.08387097,0.1263298,0.11536144,0.0069444445,0.092446044,0.06870229,0.1270195,1.0
couvre,0.058441557,0.07909091,0.07409638,0.044387754,0.055384614,0.06263737,0.032894734,0.049411763,0.08313253,0.045652173,0.044140622,0.09438202,0.03383686,0.07642276,0.08318182,0.12867647,0.059659086,0.0708,0.08846154,0.089655176,0.08207547,0.06333333,0.09402985,0.024143301,0.06654929,0.07619047,0.09318182,0.107526876,0.1255102,0.098181814,0.03573487,0.050246302,0.03488372,0.06142857,0.06612903,0.095212765,0.06610169,0.07584269,0.06551724,0.071428575,0.048148148,0.058947366,0.057692308,0.08359375,0.07954545,0.057954546,0.07094594,0.112500004,0.076576576,0.02800633,0.08035714,0.0375,0.05892857,0.09166666,0.06590909,0.05201005,0.06439394,0.075,0.08229166,0.0967033,0.047260273,0.07268041,0.06923077,0.073125,0.08125,0.06590909,0.06666666,0.06923077,0.069,0.056896552,0.06428572,0.028546713,0.06486487,0.09924242,0.05,0.0039473684,0.09111111,0.12321428,0.05106383,0.023076924,0.075,0.07279412,0.01923077,0.06144578,0.21445313,0.100625,0.063043475,0.040909093,0.07808219,0.09038462,0.057272725,0.050564967,0.08733334,0.06086956,0.07659574,0.08563219,0.060000002,0.06703297,0.075,0.06666666,0.06610169,0.07760416,0.015789473,0.07173913,0.056557372,0.059169546,0.066176474,0.0,0.0637931,0.050704222,0.118589744,0.08611111,0.0153841.0
fluide,0.08214286,0.06118421,0.11634615,0.0605042,0.06976744,0.087053575,0.061111107,0.070754714,0.089423075,0.05840708,0.0582716,0.072272725,0.12968749,0.09097222,0.082442746,0.08764045,0.08669725,0.069863014,0.087878786,0.06075949,0.08040541,0.074324325,0.07159091,0.054298643,0.07269938,0.07797619,0.06551724,0.07368421,0.0894958,0.039473683,0.07173912,0.10379464,0.09345794,0.0510989,0.11172414,0.16521738,0.088125,0.111363634,0.0875,0.08035714,0.10784314,0.07772512,0.06453488,0.076510064,0.07068965,0.07982456,0.077368416,0.08007519,0.08863636,0.03844169,0.08766233,0.051030926,0.074285716,0.074193545,0.08045976,0.084545456,0.07647059,0.08516484,0.09957264,0.09553571,0.060638294,0.059745762,0.12272727,0.08910891,0.11559139,0.094923854,0.08624999,0.073255815,0.10619834,0.08611111,0.06607143,0.049354836,0.080526315,0.08275862,0.045999996,0.010169491,0.09954955,0.09220779,0.075217396,0.0175,0.09894736,0.079213485,0.0075000003,0.12307692,0.07348993,0.07277228,0.07333333,0.07394366,0.10797872,0.10252525,0.099999994,0.14090909,0.07812499,0.08611111,0.1073913,0.054166667,0.05131579,0.07633928,0.072,0.077999994,0.08956835,0.11111111,0.012711864,0.07666667,0.065853655,0.06758064,0.10828025,0.0637931,1.0
parfum,0.05487805,0.08416667,0.081818186,0.052427184,0.060000002,0.068749994,0.046638656,0.07111111,0.075,0.04484536,0.036503855,0.054255318,0.04702381,0.058593746,0.07043478,0.069863014,0.07258064,0.048461538,0.07590361,0.035714287,0.059482757,0.060000002,0.075,0.02426584,0.046938773,0.07941177,0.06760563,0.06122449,0.081067964,0.044999998,0.04431818,0.08581731,0.057692308,0.036,0.06744186,0.09494949,0.075,0.095212765,0.060326084,0.052941177,0.06453488,0.048205126,0.06428572,0.058646612,0.06760563,0.049999997,0.07531646,0.08760683,0.08620689,0.019779641,0.08852459,0.035185184,0.08876404,0.054545455,0.048591547,0.06495098,0.053649634,0.07733334,0.054950494,0.0625,0.046153847,0.05,0.09337349,0.120000005,0.077922076,0.05801105,0.060576923,0.057857145,0.071428575,0.06521739,0.066176474,0.042687077,0.06075949,0.05704225,0.040677965,0.010465116,0.07526316,0.044262294,0.045454543,0.010227273,0.05506329,0.06369863,0.013636364,0.07159091,0.055263158,0.058235295,0.04662162,0.047619045,0.099358976,0.06325301,0.0475,0.082417585,0.0525,0.05878378,0.08737373,0.044021737,0.0425,0.067187496,0.050847456,0.09067797,0.08455284,0.08118811,0.020930232,0.06486487,0.052272726,0.04472789,0.07446808,0.050704222,0.083152175,1.0
unifie,0.06235955,0.09552239,0.072631575,0.046363633,0.046753246,0.07427184,0.040476188,0.0556701,0.075789474,0.050480768,0.047348484,0.09207921,0.049854226,0.06222222,0.099180326,0.095625,0.063999996,0.078467146,0.10611111,0.05142857,0.07153846,0.052941177,0.118354425,0.037308868,0.06233766,0.062,0.07115385,0.08809524,0.12227272,0.08208955,0.053342614,0.057906974,0.03520408,0.034756098,0.066176474,0.1014151,0.06760563,0.06683168,0.06363636,0.072,0.043548383,0.053465348,0.06363636,0.09142857,0.087820515,0.061231878,0.055813953,0.08588709,0.07804878,0.029375,0.075,0.032386363,0.07447916,0.08392857,0.048076924,0.070379145,0.053124998,0.07256098,0.075,0.09417476,0.04411765,0.06743119,0.07333333,0.08913043,0.08928572,0.055851065,0.07522523,0.058441557,0.070982136,0.06363636,0.058,0.03388704,0.075,0.09038462,0.045454543,0.009,0.075,0.09632353,0.05235849,0.014705882,0.06627907,0.076875,0.034313727,0.061578944,0.1325,0.06847826,0.055555556,0.04511278,0.08647059,0.10166666,0.06940298,0.055555556,0.072413795,0.059259254,0.060849056,0.08282828,0.042537313,0.06359223,0.0969697,0.045454543,0.05423077,0.07731482,0.003,0.062962964,0.05136986,0.117940195,0.073986486,0.118589744,0.06818182,0.05783132,1.0
éclat,0.048461538,0.11744186,0.08450704,0.05232558,0.06792453,0.0664557,0.039705884,0.061643835,0.06338028,0.061249997,0.029301073,0.07207792,0.025862068,0.045945942,0.08061224,0.14553571,0.06118421,0.07522124,0.10151515,0.06847826,0.062195122,0.06538462,0.089999996,0.021666665,0.05076923,0.07058824,0.097222224,0.061111107,0.078488365,0.059302326,0.030298507,0.040837694,0.032432433,0.043965515,0.067857146,0.0859756,0.07978723,0.077922076,0.067999996,0.07941177,0.043478258,0.045505617,0.059433963,0.058189653,0.09166666,0.044841267,0.07258064,0.058499996,0.056060605,0.021207266,0.06818182,0.0328125,0.0625,0.08,0.06666666,0.056951873,0.06791667,0.06982758,0.08214286,0.06835443,0.049180325,0.06529412,0.0969697,0.061764706,0.104166664,0.04207317,0.06551724,0.06792453,0.07159091,0.056,0.09313726,0.025451263,0.091129035,0.08055555,0.08095238,0.005769231,0.073076926,0.075,0.056707315,0.03333333,0.1032258,0.07767857,0.027777778,0.06549296,0.062068965,0.075,0.071052626,0.052293576,0.076229505,0.07272727,0.06976744,0.040909093,0.069047615,0.04736842,0.05853658,0.077999994,0.08372093,0.05126582,0.114285715,0.057142857,0.065094344,0.060714286,0.011538462,0.0868421,0.06122449,0.060108304,0.08467742,0.08611111,0.072,0.040677965,0.11060606,1.0
viens,0.006,0.01607143,0.013392857,0.012676056,0.02368421,0.011718749,0.015517241,0.010344828,0.013392857,0.011538462,0.005462185,0.014516128,0.004440789,0.0078125,0.009036144,0.021951217,0.022131147,0.009183673,0.005882353,0.0048387097,0.011538462,0.014285714,0.0112499995,0.004390244,0.006521739,0.008333333,0.01923077,0.011363636,0.006338028,0.010714286,0.00328125,0.003409091,0.010169491,0.020930232,0.010824743,0.0044776117,0.01875,0.009677419,0.0125,0.0125,0.013888889,0.0064417175,0.015789473,0.0059405942,0.011538462,0.0063291136,0.012765957,0.007058824,0.014285714,0.0026058631,0.015517241,0.009183673,0.02368421,0.0066666664,0.011538462,0.005232558,0.01,0.020930232,0.019565217,0.009375,0.022826087,0.004285714,0.020588236,0.008490566,0.01,0.0040268456,0.008333333,0.019736841,0.008219178,0.01,0.020833332,0.0057251905,0.012765957,0.026923077,0.0,0.027272727,0.034920633,0.010344828,0.01119403,0.0,0.0031914893,0.0036585364,0.0125,0.008035715,0.008910891,0.014150944,0.007142857,0.031382978,0.006521739,0.014705882,0.01607143,0.005,0.009375,0.0035714286,0.0067164176,0.0075000003,0.005357143,0.011718749,0.005555555,0.01111111,0.013186813,0.002173913,0.013636364,0.007142857,0.00882353,0.008587786,0.011009174,0.015384615,0.0075000003,0.010227273,0.00882353,0.016666666,1.0
